{
  "bias": 11.157091,
  "weights": [
    1.135992,
    0.0058,
    6.884531,
    0.75715,
    0.855679,
    -0.454604,
    0.324583,
    -0.215516,
    -0.548667,
    -0.583142,
    0.385192,
    0.094662,
    0.083706,
    0.295284,
    0.162058,
    -0.068258
  ],
  "feature_mean": [
    2.230099,
    1120.528636,
    981.512918,
    237.599277,
    832.580307,
    105.942186,
    1529.388979,
    1060.447516,
    19.466594,
    48.647245,
    1.068348,
    11.113604,
    11.175718,
    -0.051824,
    -0.044617,
    3.058356
  ],
  "feature_std": [
    1.470561,
    223.548353,
    264.449272,
    210.944128,
    255.874719,
    42.869398,
    330.735385,
    400.364803,
    8.599266,
    17.495203,
    0.386793,
    7.709207,
    7.696251,
    0.701937,
    0.708948,
    2.011716
  ],
  "features": [
    "CO(GT)",
    "PT08.S1(CO)",
    "PT08.S2(NMHC)",
    "NOx(GT)",
    "PT08.S3(NOx)",
    "NO2(GT)",
    "PT08.S4(NO2)",
    "PT08.S5(O3)",
    "T",
    "RH",
    "AH",
    "target_lag_1",
    "target_lag_24",
    "hour_sin",
    "hour_cos",
    "day_of_week"
  ]
}