{
  "labels": [
    "plastic_rigid",
    "paper_cardboard",
    "metal"
  ],
  "weights": [
    [
      4.467724,
      -2.25754,
      -2.220802,
      -0.022594
    ],
    [
      -2.26776,
      4.460412,
      -2.245802,
      0.055773
    ],
    [
      -2.247246,
      -2.268541,
      4.480397,
      0.007146
    ]
  ],
  "bias": [
    -0.01191,
    0.016158,
    -0.004248
  ],
  "feature_names": [
    "blue_ratio",
    "white_ratio",
    "gray_ratio",
    "edge_density"
  ]
}