{
  "bias": 3260.940409,
  "weights": [
    71.825988,
    1.650506,
    -8.553293,
    -39.90825,
    -0.0,
    -481.394917,
    -1522.19564,
    -303.389718,
    -42.932909,
    -10.099456,
    17.547617,
    15.857466,
    17.027532,
    -27.190022,
    9.054113,
    6.856955,
    -9.103012,
    -35.185812,
    -6.157631,
    -11.743603
  ],
  "feature_mean": [
    281.351757,
    0.392733,
    0.000278,
    49.920364,
    1.0,
    0.014154,
    0.008736,
    2.985712,
    6.580894,
    0.273838,
    0.328813,
    0.038405,
    0.017971,
    0.02575,
    0.119597,
    0.120323,
    0.000467,
    0.054897,
    0.000104,
    0.019838
  ],
  "feature_std": [
    13.216755,
    50.074406,
    0.009131,
    38.848602,
    1.0,
    0.708162,
    0.705854,
    2.004061,
    3.394428,
    0.445927,
    0.469782,
    0.192171,
    0.132844,
    0.158389,
    0.324489,
    0.325338,
    0.0216,
    0.227779,
    0.010184,
    0.139442
  ],
  "features": [
    "temp",
    "rain_1h",
    "snow_1h",
    "clouds_all",
    "is_holiday",
    "hour_sin",
    "hour_cos",
    "day_of_week",
    "month",
    "weather_Clear",
    "weather_Clouds",
    "weather_Drizzle",
    "weather_Fog",
    "weather_Haze",
    "weather_Mist",
    "weather_Rain",
    "weather_Smoke",
    "weather_Snow",
    "weather_Squall",
    "weather_Thunderstorm"
  ]
}