{
  "bias": -0.657183,
  "weights": [
    0.958725,
    0.140757,
    -0.105094,
    -0.063644,
    0.301996
  ],
  "feature_mean": [
    6.302887,
    17.545744,
    9.612768,
    29.541101,
    0.285714
  ],
  "feature_std": [
    5.257059,
    5.869198,
    1.824931,
    3.920243,
    0.451754
  ],
  "features": [
    "rain_mm",
    "wind_speed",
    "visibility_km",
    "temperature",
    "is_weekend"
  ]
}