{
  "labels": [
    "plastic_rigid",
    "paper_cardboard",
    "metal"
  ],
  "weights": [
    [
      4.213211,
      -2.156069,
      -0.444078,
      -0.497544
    ],
    [
      -2.260358,
      4.288256,
      -3.163151,
      1.171451
    ],
    [
      -2.000135,
      -2.197855,
      3.621021,
      -0.633581
    ]
  ],
  "bias": [
    -0.968072,
    0.321645,
    0.646427
  ],
  "feature_names": [
    "blue_ratio",
    "white_ratio",
    "gray_ratio",
    "edge_density"
  ]
}